date,open,close,high,low,volume
2019-01-02,5.2,5.2,5.26,5.14,124993
2019-01-03,5.16,5.15,5.25,5.08,141419
2019-01-04,5.08,5.37,5.37,5.03,290093
2019-01-07,5.39,5.44,5.48,5.33,270844
2019-01-08,5.39,5.48,5.77,5.33,323047
2019-01-09,5.47,5.71,5.87,5.46,512396
2019-01-10,5.71,5.63,5.76,5.53,441807
2019-01-11,6.06,6.2,6.2,5.8,420569
2019-01-14,6.82,6.0,6.82,5.99,1322243
2019-01-15,5.8,5.76,5.85,5.6,707418
2019-01-16,5.71,5.71,5.81,5.64,374477
2019-01-17,5.69,5.49,5.71,5.44,371571
2019-01-18,5.48,5.51,5.59,5.48,272583
2019-01-21,5.54,5.5,5.58,5.48,198217
2019-01-22,5.54,5.69,5.8,5.49,470520
2019-01-23,5.63,5.71,5.78,5.57,345217
2019-01-24,5.67,5.57,5.71,5.53,330683
2019-01-25,5.5,5.27,5.51,5.25,377487
2019-01-28,5.27,5.21,5.33,5.2,153398
2019-01-29,5.19,5.16,5.21,5.03,157965
2019-01-30,5.13,5.11,5.21,5.09,99856
2019-01-31,5.12,4.99,5.15,4.98,160439
2019-02-01,5.05,5.12,5.13,5.02,100485
2019-02-11,5.13,5.29,5.29,5.13,158405
2019-02-12,5.29,5.35,5.41,5.25,194316
2019-02-13,5.34,5.43,5.46,5.29,300054
2019-02-14,5.4,5.41,5.45,5.37,179140
2019-02-15,5.38,5.4,5.53,5.35,291265
2019-02-18,5.42,5.52,5.52,5.38,344724
2019-02-19,5.48,5.67,5.68,5.47,466867
2019-02-20,5.63,5.57,5.65,5.52,272322
2019-02-21,5.54,5.46,5.6,5.41,377512
2019-02-22,5.44,5.55,5.56,5.4,297696
2019-02-25,5.62,5.88,5.93,5.57,614082
2019-02-26,5.89,6.47,6.47,5.77,1086324
2019-02-27,6.32,6.27,6.63,6.12,1030165
2019-02-28,6.3,6.37,6.57,6.22,670390
2019-03-01,6.32,6.75,7.01,6.26,1081869
2019-03-04,6.97,7.43,7.43,6.7,1380740
2019-03-05,7.42,7.64,8.17,7.28,1536218
2019-03-06,7.49,7.77,7.87,7.42,1065467
2019-03-07,7.63,8.55,8.55,7.57,1026560
2019-03-08,8.22,8.14,9.31,7.95,1350745
2019-03-11,8.02,7.88,8.29,7.44,792140
2019-03-12,7.88,7.97,8.18,7.72,671093
2019-03-13,7.92,7.35,7.94,7.32,583400
2019-03-14,7.19,7.06,7.29,6.81,487224
2019-03-15,7.11,7.08,7.19,6.98,337521
2019-03-18,7.12,7.6,7.77,7.08,611506
2019-03-19,7.55,7.43,7.56,7.36,402696
2019-03-20,7.45,7.54,7.64,7.29,453771
2019-03-21,7.63,7.97,8.29,7.45,967983
2019-03-22,7.87,8.37,8.57,7.7,1026803
2019-03-25,8.0,8.02,8.64,7.94,759165
2019-03-26,7.97,7.67,8.23,7.53,502503
2019-03-27,7.76,8.18,8.34,7.65,717440
2019-03-28,7.85,7.37,8.0,7.36,631357
2019-03-29,7.19,7.43,7.54,6.85,478429
2019-04-01,7.49,7.6,7.72,7.46,415108
2019-04-02,7.73,7.72,7.83,7.53,495658
2019-04-03,7.65,7.82,7.93,7.52,442012
2019-04-04,7.92,8.03,8.2,7.79,621947
2019-04-08,8.01,7.76,8.03,7.5,526729
2019-04-09,7.66,7.88,8.07,7.6,446476
2019-04-10,7.8,7.83,8.04,7.68,438993
2019-04-11,7.68,7.4,7.79,7.35,399752
2019-04-12,7.33,7.4,7.5,7.11,268827
2019-04-15,7.5,7.26,7.56,7.26,213283
2019-04-16,7.15,7.48,7.5,7.15,243886
2019-04-17,7.49,7.48,7.57,7.39,229980
2019-04-18,7.51,7.87,8.15,7.37,648491
2019-04-19,7.82,8.05,8.13,7.74,689516
2019-04-22,8.14,7.85,8.17,7.68,444197
2019-04-23,7.8,7.43,7.85,7.37,373023
2019-04-24,7.37,7.52,7.55,7.25,238986
2019-04-25,7.47,7.07,7.48,7.06,297422
2019-04-26,6.98,6.98,7.14,6.97,180425
2019-04-29,7.0,6.31,7.07,6.28,277982
2019-04-30,6.27,6.4,6.54,6.25,145136
2019-05-06,6.28,5.76,6.28,5.76,218129
2019-05-07,5.75,5.87,5.92,5.71,143297
2019-05-08,5.77,5.91,5.95,5.67,152299
2019-05-09,6.07,5.98,6.25,5.95,211173
2019-05-10,5.98,6.15,6.18,5.87,228732
2019-05-13,6.11,6.17,6.23,6.03,141791
2019-05-14,6.06,6.05,6.16,6.0,119109
2019-05-15,6.08,6.11,6.15,6.07,123791
2019-05-16,6.11,6.17,6.27,6.09,183194
2019-05-17,6.15,5.73,6.15,5.67,230343
2019-05-20,5.76,5.81,5.82,5.43,130947
2019-05-21,5.81,5.99,6.06,5.8,165898
2019-05-22,5.9,5.85,5.97,5.79,137332
2019-05-23,5.87,5.67,5.89,5.64,101232
2019-05-24,5.67,5.68,5.78,5.65,84916
2019-05-27,5.73,5.84,5.86,5.67,104954
2019-05-28,5.93,5.79,5.93,5.75,124463
2019-05-29,5.82,6.37,6.37,5.79,495547
2019-05-30,6.42,6.71,6.83,6.32,792696
2019-05-31,6.42,7.38,7.38,6.41,961331
2019-06-03,7.65,6.7,7.82,6.7,990074
2019-06-04,6.6,6.93,7.25,6.52,701683
2019-06-05,6.94,6.93,7.37,6.86,623007
2019-06-06,6.68,7.27,7.46,6.58,860620
2019-06-10,7.24,7.27,7.45,6.87,654837
2019-06-11,7.27,8.0,8.0,7.27,529202
2019-06-12,8.8,8.8,8.8,8.8,435537
2019-06-13,9.17,8.44,9.68,8.36,1792425
2019-06-14,7.97,7.59,8.07,7.59,1137478
2019-06-17,7.41,7.43,7.81,7.3,646147
2019-06-18,7.45,7.25,7.56,7.12,520484
2019-06-19,7.37,7.31,7.54,7.27,524390
2019-06-20,7.27,7.36,7.47,7.07,588447
2019-06-21,7.34,7.42,7.61,7.29,622351
2019-06-24,7.36,7.37,7.55,7.29,416105
2019-06-25,7.3,7.03,7.34,6.92,502918
2019-06-26,7.05,6.97,7.16,6.93,268231
2019-06-27,6.98,6.94,7.02,6.9,241830
2019-06-28,6.93,6.87,6.96,6.64,338681
2019-07-01,6.95,7.01,7.03,6.87,291165
2019-07-02,7.02,6.93,7.03,6.9,198565
2019-07-03,6.9,6.74,6.92,6.73,185540
2019-07-04,6.71,6.78,6.89,6.7,150370
2019-07-05,6.79,6.73,6.83,6.71,120032
2019-07-08,6.7,6.4,6.73,6.36,199517
2019-07-09,6.43,6.49,6.52,6.38,116671
2019-07-10,6.46,6.35,6.49,6.29,110979
2019-07-11,6.43,6.44,6.51,6.37,124082
2019-07-12,6.42,6.47,6.52,6.35,108870
2019-07-15,6.47,6.55,6.64,6.4,129485
2019-07-16,6.52,6.47,6.55,6.42,107211
2019-07-17,6.48,6.45,6.48,6.39,111236
2019-07-18,6.42,6.51,6.69,6.39,202356
2019-07-19,6.44,6.43,6.53,6.42,121158
2019-07-22,6.43,6.08,6.44,6.0,169614
2019-07-23,6.09,6.16,6.18,6.09,69425
2019-07-24,6.16,6.31,6.32,6.16,135086
2019-07-25,6.32,6.3,6.35,6.25,81910
2019-07-26,6.3,6.37,6.45,6.26,108422
2019-07-29,6.36,6.27,6.41,6.2,99524
2019-07-30,6.27,6.33,6.37,6.26,91145
2019-07-31,5.99,6.11,6.14,5.99,183033
2019-08-01,6.07,6.02,6.1,5.99,124051
2019-08-02,5.93,6.14,6.24,5.9,214447
2019-08-05,6.12,6.07,6.32,6.03,170241
2019-08-06,5.92,6.0,6.15,5.91,197859
2019-08-07,6.27,6.18,6.27,6.03,201859
2019-08-08,6.18,6.1,6.22,6.06,122449
2019-08-09,6.12,6.11,6.3,6.06,154798
2019-08-12,6.15,6.05,6.16,5.9,139533
2019-08-13,5.97,5.9,5.99,5.88,115128
2019-08-14,5.95,5.9,5.99,5.89,71648
2019-08-15,5.75,5.82,5.85,5.64,104553
2019-08-16,5.79,5.86,5.96,5.79,119114
2019-08-19,5.86,6.03,6.06,5.85,181252
2019-08-20,6.04,6.08,6.18,5.98,172715
2019-08-21,6.03,6.03,6.08,5.97,107066
2019-08-22,5.98,6.05,6.07,5.98,106101
2019-08-23,6.14,6.22,6.37,6.01,287559
2019-08-26,6.08,6.04,6.14,6.01,170794
2019-08-27,6.07,6.1,6.14,6.03,135818
2019-08-28,6.05,6.04,6.1,6.03,96040
2019-08-29,6.06,5.99,6.07,5.98,93851
2019-08-30,6.02,5.88,6.03,5.82,125496
2019-09-02,5.88,6.05,6.05,5.87,137115
2019-09-03,6.04,6.25,6.25,6.0,269078
2019-09-04,6.18,6.35,6.43,6.17,342738
2019-09-05,6.39,6.26,6.42,6.25,344512
2019-09-06,6.26,6.21,6.32,6.15,183094
2019-09-09,6.29,6.34,6.43,6.23,222095
2019-09-10,6.31,6.29,6.36,6.24,158530
2019-09-11,6.33,6.35,6.42,6.23,234954
2019-09-12,6.37,6.38,6.41,6.31,167808
2019-09-16,6.36,6.35,6.42,6.31,151956
2019-09-17,6.34,6.1,6.34,6.06,189815
2019-09-18,6.08,6.05,6.15,6.05,103803
2019-09-19,6.07,6.09,6.1,5.96,91009
2019-09-20,6.15,6.17,6.25,6.12,158631
2019-09-23,6.12,6.04,6.15,6.0,87984
2019-09-24,6.06,6.08,6.1,5.99,83139
2019-09-25,6.03,5.95,6.04,5.94,75575
2019-09-26,5.97,5.8,6.0,5.78,95429
2019-09-27,5.84,5.82,5.87,5.8,47601
2019-09-30,5.75,5.76,5.83,5.7,43178
2019-10-08,5.76,5.84,5.86,5.75,40740
2019-10-09,5.84,5.91,5.92,5.8,45105
2019-10-10,5.88,5.92,5.94,5.86,44982
2019-10-11,5.92,5.89,5.93,5.85,48740
2019-10-14,5.92,5.95,5.99,5.9,58848
2019-10-15,5.93,5.84,5.93,5.82,49436
2019-10-16,5.87,5.78,5.89,5.77,44027
2019-10-17,5.82,5.77,5.82,5.74,35131
2019-10-18,5.71,5.7,5.79,5.68,52985
2019-10-21,5.68,5.67,5.7,5.61,38475
2019-10-22,5.68,5.74,5.81,5.65,56767
2019-10-23,5.73,5.71,5.75,5.69,33940
2019-10-24,5.78,5.73,5.79,5.72,40766
2019-10-25,5.75,5.74,5.75,5.66,37429
2019-10-28,5.76,5.78,5.8,5.72,53465
2019-10-29,5.78,5.68,5.8,5.68,54812
2019-10-30,5.66,5.61,5.69,5.61,53873
2019-10-31,5.61,5.49,5.63,5.48,63435
2019-11-01,5.5,5.52,5.55,5.5,42385
2019-11-04,5.58,5.51,5.58,5.5,27758
2019-11-05,5.51,5.49,5.52,5.46,34136
2019-11-06,5.45,5.33,5.52,5.3,72564
2019-11-07,5.31,5.34,5.35,5.3,43882
2019-11-08,5.35,5.32,5.38,5.32,28481
2019-11-11,5.29,5.11,5.3,5.1,59918
2019-11-12,5.08,5.16,5.18,5.05,40691
2019-11-13,5.15,5.12,5.15,5.07,32705
2019-11-14,5.14,5.19,5.26,5.1,61527
2019-11-15,5.15,5.18,5.25,5.15,49988
2019-11-18,5.13,5.12,5.16,5.09,42469
2019-11-19,5.12,5.18,5.18,5.11,40015
2019-11-20,5.18,5.23,5.23,5.14,52258
2019-11-21,5.21,5.14,5.22,5.12,41344
2019-11-22,5.15,5.2,5.23,5.11,66044
2019-11-25,5.19,5.33,5.37,5.16,100716
2019-11-26,5.29,5.21,5.32,5.19,61388
2019-11-27,5.2,5.15,5.22,5.13,42468
2019-11-28,5.15,5.27,5.53,5.14,115233
2019-11-29,5.27,5.22,5.27,5.16,61596
2019-12-02,5.22,5.17,5.24,5.16,32781
2019-12-03,5.15,5.23,5.23,5.11,39403
2019-12-04,5.21,5.29,5.35,5.18,57591
2019-12-05,5.28,5.28,5.3,5.22,53673
2019-12-06,5.26,5.27,5.3,5.25,31269
2019-12-09,5.28,5.3,5.35,5.26,50022
2019-12-10,5.27,5.3,5.32,5.27,39069
2019-12-11,5.3,5.28,5.3,5.24,42797
2019-12-12,5.3,5.23,5.3,5.23,31659
2019-12-13,5.26,5.28,5.29,5.25,38844
2019-12-16,5.3,5.32,5.33,5.25,55045
2019-12-17,5.32,5.41,5.42,5.29,118165
2019-12-18,5.4,5.41,5.45,5.38,68233
2019-12-19,5.41,5.42,5.45,5.31,83728
2019-12-20,5.4,5.37,5.49,5.35,82360
2019-12-23,5.39,5.2,5.39,5.2,94933
2019-12-24,5.2,5.25,5.26,5.18,41692
2019-12-25,5.25,5.25,5.28,5.21,46715
2019-12-26,5.24,5.25,5.26,5.22,40143
2019-12-27,5.25,5.57,5.78,5.24,432467
2019-12-30,5.47,5.49,5.53,5.37,238758
2019-12-31,5.49,5.54,5.66,5.43,177681
2020-01-02,5.59,5.58,5.66,5.53,144584
2020-01-03,5.56,5.54,5.58,5.53,99810
2020-01-06,5.51,5.52,5.57,5.45,105927
2020-01-07,5.54,5.58,5.62,5.53,106798
2020-01-08,5.53,5.46,5.58,5.45,106194
2020-01-09,5.51,5.49,5.54,5.46,77036
2020-01-10,5.52,5.48,5.54,5.45,49906
2020-01-13,5.47,5.46,5.48,5.33,79406
2020-01-14,5.48,5.5,5.54,5.44,68351
2020-01-15,5.51,5.43,5.55,5.4,63660
2020-01-16,5.45,5.39,5.47,5.38,45007
2020-01-17,5.41,5.49,5.58,5.37,117599
2020-01-20,5.45,5.41,5.48,5.34,69427
2020-01-21,5.35,5.21,5.35,5.2,104926
2020-01-22,5.23,5.17,5.24,5.11,61539
2020-01-23,5.15,5.01,5.16,4.99,94727
2020-02-03,4.51,4.51,4.51,4.51,16747
2020-02-04,4.06,4.2,4.29,4.06,137314
2020-02-05,4.22,4.26,4.34,4.16,102210
2020-02-06,4.26,4.3,4.32,4.21,103926
2020-02-07,4.3,4.28,4.33,4.22,94231
2020-02-10,4.25,4.37,4.37,4.2,112620
2020-02-11,4.34,4.41,4.52,4.33,130740
2020-02-12,4.39,4.46,4.48,4.37,98919
2020-02-13,4.45,4.46,4.57,4.43,113970
2020-02-14,4.46,4.51,4.54,4.43,97262
2020-02-17,4.5,4.61,4.63,4.48,112528
2020-02-18,4.61,4.8,4.85,4.61,157998
2020-02-19,4.77,4.7,4.84,4.7,131830
2020-02-20,4.72,4.76,4.79,4.65,91446
2020-02-21,4.72,4.78,4.8,4.72,102544
2020-02-24,4.76,4.81,4.84,4.67,125622
2020-02-25,4.69,4.69,4.73,4.53,144946
2020-02-26,4.61,4.97,5.16,4.58,534732
2020-02-27,4.83,4.71,4.92,4.7,359852
2020-02-28,4.53,4.36,4.61,4.36,223215
2020-03-02,4.56,4.77,4.78,4.46,267142
2020-03-03,4.89,4.7,4.91,4.65,247654
2020-03-04,4.68,4.93,5.16,4.61,421829
2020-03-05,4.92,5.16,5.3,4.86,445250
2020-03-06,5.0,5.0,5.07,4.95,249144
2020-03-09,4.9,4.77,4.96,4.76,199039
2020-03-10,4.65,4.88,4.88,4.61,167144
2020-03-11,4.87,4.83,5.05,4.82,147701
2020-03-12,4.69,4.7,4.77,4.66,110242
2020-03-13,4.5,4.58,4.63,4.4,140720
2020-03-16,4.63,4.42,4.72,4.37,142006
2020-03-17,4.4,4.38,4.52,4.2,118708
2020-03-18,4.41,4.32,4.47,4.3,83423
2020-03-19,4.29,4.31,4.35,4.21,75022
2020-03-20,4.36,4.4,4.44,4.32,70095
2020-03-23,4.25,4.28,4.37,4.22,61719
2020-03-24,4.37,4.38,4.4,4.3,70829
2020-03-25,4.42,4.48,4.5,4.41,85558
2020-03-26,4.43,4.38,4.47,4.36,67468
2020-03-27,4.42,4.38,4.55,4.36,83454
2020-03-30,4.27,4.23,4.3,4.17,90398
2020-03-31,4.29,4.24,4.29,4.21,51997
2020-04-01,4.21,4.2,4.27,4.19,59087
2020-04-02,4.18,4.28,4.28,4.15,82541
2020-04-03,4.26,4.23,4.27,4.2,43144
2020-04-07,4.28,4.31,4.32,4.26,67339
2020-04-08,4.36,4.34,4.36,4.29,53337
2020-04-09,4.39,4.33,4.39,4.33,39755
2020-04-10,4.35,4.25,4.35,4.21,62795
2020-04-13,4.22,4.21,4.25,4.2,33611
2020-04-14,4.22,4.25,4.25,4.22,47131
2020-04-15,4.28,4.26,4.31,4.23,48904
2020-04-16,4.24,4.26,4.26,4.22,36398
2020-04-17,4.27,4.31,4.35,4.25,89773
2020-04-20,4.31,4.35,4.37,4.31,58662
2020-04-21,4.35,4.25,4.36,4.22,74876
2020-04-22,4.21,4.25,4.25,4.18,53241
2020-04-23,4.23,4.2,4.25,4.19,46524
2020-04-24,4.18,4.09,4.19,4.07,70795
2020-04-27,4.12,4.07,4.15,4.06,34462
2020-04-28,4.07,3.91,4.08,3.84,75092
2020-04-29,3.9,3.9,3.94,3.86,37310
2020-04-30,3.86,3.96,3.97,3.86,39108
2020-05-06,3.95,4.06,4.07,3.92,56033
2020-05-07,4.04,4.02,4.09,4.01,45783
2020-05-08,4.05,4.01,4.06,3.99,60982
2020-05-11,4.01,4.06,4.15,4.01,81802
2020-05-12,4.06,3.99,4.07,3.98,46415
2020-05-13,4.0,4.0,4.02,3.96,26576
2020-05-14,3.99,3.94,4.0,3.93,36743
2020-05-15,3.98,3.91,3.98,3.89,37965
2020-05-18,3.93,4.02,4.09,3.93,83697
2020-05-19,4.01,3.97,4.01,3.96,53465
2020-05-20,3.99,3.95,4.0,3.94,39095
2020-05-21,3.94,3.95,3.97,3.93,36097
2020-05-22,3.92,4.17,4.24,3.89,194799
2020-05-25,4.1,4.06,4.18,4.0,108017
2020-05-26,4.02,4.05,4.07,3.99,76405
2020-05-27,4.01,4.07,4.13,4.0,75131
2020-05-28,4.05,4.13,4.2,4.03,153133
2020-05-29,4.08,4.11,4.14,4.07,89151
2020-06-01,4.1,4.14,4.14,4.06,112922
2020-06-02,4.14,4.12,4.16,4.1,98549
2020-06-03,4.12,4.06,4.12,4.05,84872
2020-06-04,4.07,4.06,4.08,4.04,43337
2020-06-05,4.03,4.03,4.05,4.01,45539
2020-06-08,4.02,4.03,4.08,4.02,35368
2020-06-09,4.05,4.04,4.06,4.01,29539
2020-06-10,4.05,3.99,4.05,3.98,39075
2020-06-11,3.99,3.98,4.01,3.97,40270
2020-06-12,3.85,3.95,3.98,3.85,54477
2020-06-15,3.9,3.93,3.96,3.9,36460
2020-06-16,3.93,3.95,3.97,3.93,37112
2020-06-17,3.97,3.95,3.97,3.92,31068
2020-06-18,3.96,3.96,4.0,3.93,54681
2020-06-19,3.96,3.96,3.96,3.92,39897
2020-06-22,3.96,3.98,3.99,3.95,42314
2020-06-23,3.95,3.96,3.98,3.95,25977
2020-06-24,3.95,3.92,3.97,3.91,30907
2020-06-29,3.92,3.89,3.93,3.87,49848
2020-06-30,3.89,3.91,3.91,3.88,35054
2020-07-01,3.91,3.92,3.92,3.88,43071
2020-07-02,3.93,4.01,4.05,3.91,97566
2020-07-03,4.01,4.1,4.15,3.99,201155
2020-07-06,4.13,4.3,4.35,4.12,302728
2020-07-07,4.41,4.24,4.44,4.22,264801
2020-07-08,4.19,4.4,4.47,4.19,301119
2020-07-09,4.44,4.71,4.77,4.4,428087
2020-07-10,4.63,4.45,4.65,4.44,283594
2020-07-13,4.46,4.53,4.61,4.37,221417
2020-07-14,4.5,4.47,4.59,4.4,205674
2020-07-15,4.51,4.34,4.58,4.32,152180
2020-07-16,4.35,4.25,4.48,4.23,171888
2020-07-17,4.25,4.16,4.34,4.14,123245
2020-07-20,4.21,4.42,4.47,4.19,172516
2020-07-21,4.43,4.42,4.52,4.39,129209
2020-07-22,4.4,4.45,4.54,4.39,136400
2020-07-23,4.41,4.43,4.49,4.31,110361
2020-07-24,4.41,4.28,4.48,4.26,122945
2020-07-27,4.27,4.27,4.32,4.21,78196
2020-07-28,4.28,4.35,4.43,4.28,92112
2020-07-29,4.35,4.44,4.44,4.29,132698
2020-07-30,4.44,4.46,4.53,4.42,144514
2020-07-31,4.4,4.39,4.41,4.31,137223
2020-08-03,4.45,4.54,4.55,4.42,203350
2020-08-04,4.61,4.6,4.69,4.54,246644
2020-08-05,4.5,4.62,4.72,4.46,214689
2020-08-06,4.63,4.58,4.7,4.52,155071
2020-08-07,4.58,4.56,4.61,4.47,106796
2020-08-10,4.57,4.69,4.75,4.52,218633
2020-08-11,4.66,4.51,4.68,4.5,151698
2020-08-12,4.49,4.51,4.63,4.43,118188
2020-08-13,4.51,4.53,4.59,4.48,87820
2020-08-14,4.55,4.48,4.55,4.38,113302
2020-08-17,4.47,4.67,4.71,4.47,226154
2020-08-18,4.72,4.74,4.85,4.68,217917
2020-08-19,4.7,4.67,4.77,4.66,128109
2020-08-20,4.83,4.57,4.84,4.54,185006
2020-08-21,4.57,4.54,4.6,4.5,106855
2020-08-24,4.52,4.5,4.54,4.44,99329
2020-08-25,4.53,4.45,4.54,4.42,94388
2020-08-26,4.43,4.36,4.48,4.33,78599
2020-08-27,4.38,4.35,4.38,4.27,75716
2020-08-28,4.35,4.39,4.41,4.31,63996
2020-08-31,4.4,4.3,4.45,4.28,92404
2020-09-01,4.29,4.27,4.33,4.25,58056
2020-09-02,4.29,4.29,4.32,4.25,75177
2020-09-03,4.28,4.29,4.32,4.26,60383
2020-09-04,4.23,4.23,4.26,4.18,68090
2020-09-07,4.23,4.15,4.29,4.15,76281
2020-09-08,4.16,4.16,4.17,4.1,99433
2020-09-09,4.13,4.13,4.23,4.12,111209
2020-09-10,4.15,3.91,4.18,3.9,150665
2020-09-11,3.91,3.96,3.97,3.9,52363
2020-09-14,3.96,3.94,3.99,3.92,59929
2020-09-15,3.96,3.94,3.97,3.92,43242
2020-09-16,3.92,3.91,3.95,3.9,37813
2020-09-17,3.9,3.94,3.97,3.89,49448
2020-09-18,3.92,3.96,3.97,3.9,72914
2020-09-21,3.96,3.94,3.98,3.93,53863
2020-09-22,3.91,3.9,3.94,3.87,54869
2020-09-23,3.91,3.9,3.94,3.89,43378
2020-09-24,3.89,3.8,3.9,3.79,78395
2020-09-25,3.82,3.75,3.83,3.72,53101
2020-09-28,3.78,3.69,3.78,3.68,39575
2020-09-29,3.71,3.71,3.74,3.66,34341
2020-09-30,3.69,3.67,3.72,3.66,42553
2020-10-09,3.7,3.77,3.8,3.7,47970
2020-10-12,3.77,3.85,3.87,3.77,57116
2020-10-13,3.84,3.83,3.84,3.79,35685
2020-10-14,3.82,3.79,3.84,3.77,27874
2020-10-15,3.8,3.75,3.81,3.74,35553
2020-10-16,3.79,3.75,3.79,3.73,27345
2020-10-19,3.76,3.73,3.81,3.72,40002
2020-10-20,3.72,3.76,3.77,3.7,30713
2020-10-21,3.76,3.71,3.77,3.69,35263
2020-10-22,3.69,3.71,3.74,3.66,33415
2020-10-23,3.73,3.69,3.75,3.68,29003
2020-10-26,3.68,3.67,3.71,3.63,29725
2020-10-27,3.63,3.58,3.66,3.56,58526
2020-10-28,3.58,3.54,3.59,3.51,46777
2020-10-29,3.51,3.56,3.59,3.48,36628
2020-10-30,3.58,3.49,3.58,3.47,37813
2020-11-02,3.48,3.46,3.51,3.44,40779
2020-11-03,3.46,3.59,3.59,3.44,56917
2020-11-04,3.58,3.54,3.59,3.51,34012
2020-11-05,3.56,3.58,3.59,3.55,38962
2020-11-06,3.59,3.57,3.61,3.54,41144
2020-11-09,3.57,3.76,3.87,3.57,142023
2020-11-10,3.72,3.69,3.79,3.68,96893
2020-11-11,3.72,3.77,3.83,3.64,121359
2020-11-12,3.77,3.74,3.78,3.7,88198
2020-11-13,3.75,3.8,3.9,3.68,137107
2020-11-16,3.81,3.87,3.91,3.75,169549
2020-11-17,3.86,3.82,3.9,3.8,115879
2020-11-18,3.82,3.97,4.12,3.77,275152
2020-11-19,3.96,3.86,3.99,3.82,176664
2020-11-20,3.83,3.88,3.92,3.75,114221
2020-11-23,3.92,4.0,4.1,3.87,254964
2020-11-24,4.0,3.93,4.0,3.91,149079
2020-11-25,3.93,3.84,3.98,3.83,109990
2020-11-26,3.83,3.81,3.85,3.77,63854
2020-11-27,3.83,3.84,3.84,3.76,52400
2020-11-30,3.84,3.85,3.93,3.83,92337
2020-12-01,3.83,3.86,3.87,3.79,86912
2020-12-02,3.86,3.91,3.97,3.84,134228
2020-12-03,3.91,3.89,3.91,3.84,83289
2020-12-04,3.85,3.87,3.87,3.8,63597
2020-12-07,3.88,3.84,3.89,3.81,53912
2020-12-08,3.83,3.78,3.84,3.78,47541
2020-12-09,3.8,3.7,3.82,3.7,48605
2020-12-10,3.69,3.73,3.76,3.67,45084
2020-12-11,3.73,3.66,3.75,3.59,60530
2020-12-14,3.62,3.57,3.65,3.53,57140
2020-12-15,3.56,3.51,3.56,3.49,48624
2020-12-16,3.49,3.51,3.55,3.46,38128
2020-12-17,3.53,3.56,3.59,3.46,58304
2020-12-18,3.58,3.58,3.65,3.54,54223
2020-12-21,3.51,3.59,3.68,3.51,44633
2020-12-22,3.55,3.5,3.59,3.49,41673
2020-12-23,3.48,3.52,3.55,3.48,35808
2020-12-24,3.52,3.46,3.53,3.46,40461
2020-12-25,3.45,3.52,3.54,3.44,36888
2020-12-28,3.52,3.56,3.6,3.49,64689
2020-12-29,3.55,3.57,3.63,3.54,57322
2020-12-30,3.56,3.55,3.59,3.54,33364
2020-12-31,3.54,3.56,3.58,3.52,48278
2021-01-04,3.55,3.52,3.57,3.51,53473
2021-01-05,3.52,3.62,3.74,3.46,120632
2021-01-06,3.57,3.55,3.61,3.53,60207
2021-01-07,3.54,3.53,3.68,3.49,117737
2021-01-08,3.49,3.41,3.51,3.25,122238
2021-01-11,3.38,3.29,3.4,3.29,58656
2021-01-12,3.3,3.3,3.35,3.28,39735
2021-01-13,3.32,3.3,3.4,3.17,86513
2021-01-14,3.21,3.37,3.42,3.21,95039
2021-01-15,3.36,3.41,3.47,3.36,70672
2021-01-18,3.4,3.38,3.49,3.38,60263
2021-01-19,3.37,3.38,3.43,3.34,48833
2021-01-20,3.36,3.36,3.39,3.34,33273
2021-01-21,3.36,3.7,3.7,3.33,284918
2021-01-22,3.67,3.52,3.68,3.47,345238
2021-01-25,3.47,3.41,3.51,3.37,146082
2021-01-26,3.4,3.3,3.43,3.3,101304
2021-01-27,3.3,3.24,3.32,3.24,76407
2021-01-28,3.2,3.21,3.26,3.17,50849
2021-01-29,3.21,3.16,3.24,3.12,70789
2021-02-01,2.84,2.92,2.96,2.84,149578
2021-02-02,2.9,2.94,2.98,2.89,57233
2021-02-03,2.92,2.88,2.93,2.86,45719
2021-02-04,2.85,2.8,2.88,2.73,74776
2021-02-05,2.8,2.8,2.86,2.76,47652
2021-02-08,2.8,2.78,2.85,2.78,42712
2021-02-09,2.81,2.81,2.83,2.76,45866
2021-02-10,2.84,2.81,2.84,2.78,38569
2021-02-18,2.89,2.95,3.0,2.83,98272
2021-02-19,2.95,3.15,3.19,2.93,148947
2021-02-22,3.15,3.36,3.45,3.15,241955
2021-02-23,3.38,3.34,3.4,3.31,163177
2021-02-24,3.39,3.38,3.5,3.35,111707
2021-02-25,3.41,3.38,3.47,3.35,111380
2021-02-26,3.35,3.37,3.43,3.33,93229
2021-03-01,3.36,3.46,3.46,3.36,117603
2021-03-02,3.45,3.4,3.48,3.38,96238
2021-03-03,3.41,3.5,3.55,3.39,125004
2021-03-04,3.55,3.56,3.68,3.49,147592
2021-03-05,3.53,3.53,3.63,3.49,105801
2021-03-08,3.55,3.57,3.66,3.55,114071
2021-03-09,3.56,3.54,3.61,3.42,119996
2021-03-10,3.56,3.45,3.57,3.45,85766
2021-03-11,3.45,3.61,3.63,3.45,122173
2021-03-12,3.6,3.54,3.61,3.51,78723
2021-03-15,3.53,3.58,3.64,3.52,77314
2021-03-16,3.59,3.64,3.68,3.57,78153
2021-03-17,3.61,3.54,3.62,3.5,71840
2021-03-18,3.53,3.55,3.6,3.51,60428
2021-03-19,3.57,3.5,3.57,3.47,62077
2021-03-22,3.56,3.57,3.62,3.51,81112
2021-03-23,3.59,3.51,3.59,3.48,64688
2021-03-24,3.48,3.51,3.58,3.44,93979
2021-03-25,3.5,3.47,3.61,3.46,72691
2021-03-26,3.46,3.42,3.51,3.41,76405
2021-03-29,3.45,3.51,3.6,3.37,121156
2021-03-30,3.49,3.33,3.51,3.32,110965
2021-03-31,3.31,3.66,3.66,3.28,182895
2021-04-01,3.8,3.58,4.03,3.57,461762
2021-04-02,3.56,3.94,3.94,3.53,577158
2021-04-06,3.79,3.69,3.87,3.69,428948
2021-04-07,3.69,3.64,3.7,3.58,338899
2021-04-08,3.56,3.44,3.59,3.44,277914
2021-04-09,3.4,3.45,3.57,3.4,198775
2021-04-12,3.44,3.32,3.44,3.31,147511
2021-04-13,3.32,3.2,3.33,3.17,156172
2021-04-14,3.2,3.2,3.21,3.15,79478
2021-04-15,3.2,3.15,3.21,3.13,79089
2021-04-16,3.17,3.29,3.33,3.15,152440
2021-04-19,3.32,3.29,3.37,3.28,96841
2021-04-20,3.3,3.23,3.3,3.23,72379
2021-04-21,3.25,3.19,3.25,3.18,49311
2021-04-22,3.21,3.19,3.23,3.16,53307
2021-04-23,3.19,3.14,3.19,3.12,60556
2021-04-26,3.11,3.13,3.16,3.1,44193
2021-04-27,3.25,3.21,3.35,3.18,128598
2021-04-28,3.2,3.14,3.21,3.13,79311
2021-04-29,3.13,3.12,3.15,3.09,64214
2021-04-30,3.13,3.15,3.16,3.1,54740
2021-05-06,3.15,3.33,3.42,3.15,177660
2021-05-07,3.31,3.29,3.32,3.23,134844
2021-05-10,3.29,3.46,3.47,3.26,206268
2021-05-11,3.45,3.39,3.46,3.36,127038
2021-05-12,3.37,3.39,3.43,3.35,78372
2021-05-13,3.38,3.34,3.39,3.33,87850
2021-05-14,3.33,3.36,3.38,3.33,58125
2021-05-17,3.35,3.29,3.35,3.28,67994
2021-05-18,3.27,3.32,3.38,3.27,61679
2021-05-19,3.32,3.39,3.5,3.27,135482
2021-05-20,3.33,3.29,3.34,3.28,86388
2021-05-21,3.29,3.3,3.35,3.28,51878
2021-05-24,3.3,3.31,3.33,3.28,51027
2021-05-25,3.32,3.33,3.33,3.28,57537
2021-05-26,3.33,3.36,3.39,3.29,115816
2021-05-27,3.37,3.37,3.41,3.32,103845
2021-05-28,3.4,3.36,3.42,3.35,70898
2021-05-31,3.36,3.32,3.38,3.31,66281
2021-06-01,3.3,3.46,3.65,3.29,232296
2021-06-02,3.41,3.81,3.81,3.39,330832
2021-06-03,3.92,3.81,4.08,3.78,716146
2021-06-04,3.68,3.63,3.81,3.63,404335
2021-06-07,3.66,3.59,3.7,3.54,231582
2021-06-08,3.61,3.58,3.65,3.54,144846
2021-06-09,3.6,3.58,3.63,3.55,123048
2021-06-10,3.61,3.54,3.62,3.5,131672
2021-06-11,3.53,3.53,3.57,3.51,75471
2021-06-15,3.52,3.46,3.52,3.44,89974
2021-06-16,3.44,3.46,3.49,3.4,69942
2021-06-17,3.46,3.47,3.53,3.45,67712
2021-06-18,3.47,3.44,3.48,3.41,58352
2021-06-21,3.43,3.55,3.57,3.42,91597
2021-06-22,3.55,3.56,3.6,3.52,104843
2021-06-23,3.58,3.51,3.58,3.48,96267
2021-06-24,3.5,3.46,3.51,3.45,59744
2021-06-25,3.44,3.49,3.5,3.41,59655
2021-06-28,3.46,3.51,3.53,3.45,63963
2021-06-29,3.51,3.47,3.52,3.46,40390
2021-06-30,3.48,3.45,3.49,3.44,33555
2021-07-01,3.45,3.41,3.48,3.41,36330
2021-07-02,3.4,3.44,3.51,3.4,60641
2021-07-05,3.47,3.47,3.48,3.37,57385
2021-07-06,3.47,3.47,3.53,3.44,61843
2021-07-07,3.48,3.82,3.82,3.44,356098
2021-07-08,3.82,3.64,3.87,3.64,439393
2021-07-09,3.64,3.8,3.82,3.63,374907
2021-07-12,3.79,3.78,3.98,3.73,338866
2021-07-13,3.78,3.87,3.94,3.75,282845
2021-07-14,3.84,3.77,3.9,3.75,186035
2021-07-15,3.77,3.82,3.88,3.73,175163
2021-07-16,3.84,3.8,3.87,3.78,165661
2021-07-19,3.78,3.8,3.89,3.7,164284
2021-07-20,3.79,3.78,3.8,3.72,112271
2021-07-21,3.77,4.09,4.14,3.77,502396
2021-07-22,4.06,4.13,4.24,4.03,360785
2021-07-23,4.16,4.29,4.49,4.09,406775
2021-07-26,4.25,4.16,4.3,4.1,291111
2021-07-27,4.15,3.99,4.22,3.97,230825
2021-07-28,3.91,3.95,4.09,3.81,194761
2021-07-29,3.98,4.12,4.2,3.96,211064
2021-07-30,4.11,4.33,4.42,4.08,286150
2021-08-02,4.3,4.5,4.65,4.25,367458
2021-08-03,4.49,4.31,4.51,4.29,234442
2021-08-04,4.28,4.36,4.42,4.25,169277
2021-08-05,4.35,4.28,4.4,4.23,139535
2021-08-06,4.3,4.32,4.45,4.23,168876
2021-08-09,4.29,4.34,4.36,4.17,167147
2021-08-10,4.35,4.16,4.58,4.12,293869
2021-08-11,4.14,4.21,4.23,4.09,199651
2021-08-12,4.19,4.23,4.35,4.12,191171
2021-08-13,4.28,4.42,4.55,4.23,341571
2021-08-16,4.41,4.22,4.42,4.22,219971
2021-08-17,4.26,4.12,4.33,4.09,140959
2021-08-18,4.12,4.15,4.23,4.06,115792
2021-08-19,4.15,4.12,4.19,3.93,175740
2021-08-20,4.1,4.01,4.12,3.98,109514
2021-08-23,4.06,4.07,4.16,4.04,100928
2021-08-24,4.06,4.03,4.12,4.02,124751
2021-08-25,4.06,4.11,4.13,3.91,189746
2021-08-26,4.14,4.12,4.25,4.04,221397
2021-08-27,4.15,4.03,4.18,3.97,198428
2021-08-30,4.06,4.43,4.43,4.04,495777
2021-08-31,4.46,4.49,4.49,4.25,487254
2021-09-01,4.41,4.31,4.59,4.3,380140
2021-09-02,4.3,4.42,4.5,4.29,324146
2021-09-03,4.38,4.34,4.56,4.31,317585
2021-09-06,4.33,4.77,4.77,4.24,477393
2021-09-07,4.8,4.86,4.96,4.67,788351
2021-09-08,4.85,4.93,5.0,4.68,588465
2021-09-09,4.89,4.88,5.0,4.75,446167
2021-09-10,4.89,4.72,4.98,4.7,428402
2021-09-13,4.72,4.87,4.95,4.69,383879
2021-09-14,4.81,5.36,5.36,4.75,592718
2021-09-15,5.6,5.9,5.9,5.3,756633
2021-09-16,5.97,6.07,6.49,5.88,1158905
2021-09-17,5.76,5.65,6.12,5.46,764239
2021-09-22,5.57,5.52,5.61,5.34,526704
2021-09-23,5.52,5.36,5.66,5.34,465260
2021-09-24,5.4,5.1,5.47,5.06,434093
2021-09-27,5.07,4.59,5.15,4.59,430774
2021-09-28,4.53,4.67,4.74,4.5,320522
2021-09-29,4.69,4.38,4.7,4.37,278523
2021-09-30,4.42,4.48,4.55,4.39,217193
2021-10-08,4.56,4.49,4.66,4.45,200980
2021-10-11,4.47,4.39,4.54,4.37,178313
2021-10-12,4.42,4.23,4.42,4.17,208100
2021-10-13,4.28,4.21,4.28,4.09,145709
2021-10-14,4.23,4.26,4.34,4.13,135140
2021-10-15,4.25,4.19,4.27,4.15,142593
2021-10-18,4.21,4.61,4.61,4.2,274949
2021-10-19,4.6,4.6,4.7,4.47,440848
2021-10-20,4.51,4.83,4.96,4.48,517811
2021-10-21,4.76,4.95,4.98,4.72,420254
2021-10-22,4.87,4.87,4.96,4.74,411863
2021-10-25,4.7,4.64,4.7,4.38,570239
2021-10-26,4.63,4.44,4.76,4.42,374782
2021-10-27,4.51,4.28,4.51,4.24,242353
2021-10-28,4.23,4.13,4.31,4.1,241381
2021-10-29,4.14,4.13,4.2,4.07,169623
2021-11-01,4.14,4.15,4.2,4.1,144546
2021-11-02,4.16,3.95,4.19,3.91,214841
2021-11-03,3.95,4.0,4.02,3.93,126181
2021-11-04,4.01,3.97,4.04,3.93,115502
2021-11-05,3.93,3.8,3.95,3.8,140894
2021-11-08,3.8,3.88,3.93,3.76,116522
2021-11-09,3.89,3.84,3.89,3.8,97237
2021-11-10,3.82,3.83,3.85,3.72,122940
2021-11-11,3.82,3.86,3.88,3.79,104772
2021-11-12,3.89,3.93,4.04,3.88,161809
2021-11-15,3.93,3.85,3.98,3.82,105135
2021-11-16,3.84,3.78,3.85,3.75,92984
2021-11-17,3.76,3.85,3.86,3.76,103585
2021-11-18,3.86,4.0,4.15,3.85,283352
2021-11-19,3.95,3.95,3.97,3.87,194255
2021-11-22,3.97,4.02,4.05,3.95,153756
2021-11-23,4.05,4.0,4.05,3.99,129419
2021-11-24,3.98,3.97,3.98,3.92,120139
2021-11-25,3.96,3.93,3.99,3.93,86837
2021-11-26,3.94,3.97,4.06,3.9,161923
2021-11-29,3.9,3.88,3.92,3.85,127368
2021-11-30,3.9,3.89,3.97,3.88,98010
2021-12-01,3.88,3.95,3.95,3.86,100014
2021-12-02,3.96,3.98,4.01,3.92,119393
2021-12-03,3.99,3.98,4.01,3.91,119955
2021-12-06,3.97,4.04,4.14,3.95,236017
2021-12-07,4.01,4.02,4.11,3.93,159301
2021-12-08,4.08,4.05,4.1,4.02,139493
2021-12-09,4.06,4.16,4.33,4.06,252126
2021-12-10,4.15,4.58,4.58,4.11,448444
2021-12-13,5.04,5.04,5.04,5.04,65538
2021-12-14,5.54,5.54,5.54,5.54,176709
2021-12-15,5.75,6.09,6.09,5.64,773456
2021-12-16,6.5,6.7,6.7,5.69,1891557
2021-12-17,6.6,7.37,7.37,6.4,1369662
2021-12-20,7.36,8.11,8.11,6.88,1659645
2021-12-21,7.74,7.3,7.9,7.3,1164677
2021-12-22,7.0,7.28,7.8,6.6,1434038
2021-12-23,6.8,6.55,6.91,6.55,739078
2021-12-24,6.29,5.9,6.42,5.9,793750
2021-12-27,5.7,5.82,5.96,5.54,709154
2021-12-28,5.72,6.12,6.33,5.7,991007
2021-12-29,5.9,6.06,6.27,5.62,722972
2021-12-30,6.03,5.89,6.19,5.84,623575
2021-12-31,5.89,6.1,6.38,5.71,937412
2022-01-04,6.1,5.86,6.19,5.82,648423
2022-01-05,5.85,5.52,5.85,5.4,620040
2022-01-06,5.51,6.07,6.07,5.48,691419
2022-01-07,6.29,6.0,6.53,5.91,1165385
2022-01-10,5.79,5.9,6.22,5.6,680119
2022-01-11,5.87,5.74,6.02,5.67,520924
2022-01-12,5.74,5.82,5.83,5.66,419553
2022-01-13,5.72,5.66,5.83,5.6,391702
2022-01-14,5.61,5.52,5.65,5.47,365487
2022-01-17,5.67,5.47,5.7,5.4,292246
2022-01-18,5.44,5.44,5.59,5.34,385004
2022-01-19,5.44,5.32,5.49,5.2,327813
2022-01-20,5.38,5.13,5.39,5.11,241695
2022-01-21,5.12,5.08,5.29,5.05,269441
2022-01-24,5.01,5.3,5.45,4.94,494148
2022-01-25,5.15,4.94,5.21,4.94,337479
2022-01-26,4.94,5.02,5.07,4.9,235566
2022-01-27,4.97,4.87,5.04,4.87,207776
2022-01-28,4.89,4.85,4.96,4.77,176011
2022-02-07,4.93,5.04,5.08,4.88,242928
2022-02-08,5.06,5.12,5.13,4.94,244562
2022-02-09,5.21,5.2,5.33,5.13,432473
2022-02-10,5.19,5.18,5.27,5.11,296714
2022-02-11,5.12,5.7,5.7,5.01,448163
2022-02-14,5.86,6.27,6.27,5.7,881195
2022-02-15,6.29,6.33,6.85,6.02,1397646
2022-02-16,6.08,6.22,6.38,5.88,732980
2022-02-17,6.1,6.38,6.69,5.9,950624
2022-02-18,6.09,6.15,6.23,6.05,573515
2022-02-21,6.1,6.21,6.21,6.01,517975
2022-02-22,6.22,6.05,6.22,6.0,429396
2022-02-23,6.0,5.9,6.09,5.8,509184
2022-02-24,5.88,5.69,5.98,5.6,498982
2022-02-25,5.72,5.73,5.92,5.71,346379
2022-02-28,5.72,5.82,5.85,5.6,303007
2022-03-01,5.8,5.74,5.86,5.63,332306
2022-03-02,5.75,5.98,6.27,5.74,674591
2022-03-03,5.9,5.98,6.1,5.88,497151
2022-03-04,5.99,5.73,6.0,5.68,348365
2022-03-07,5.7,5.45,5.72,5.4,358525
2022-03-08,5.5,5.22,5.53,5.17,256855
2022-03-09,5.21,5.3,5.33,4.94,265897
2022-03-10,5.35,5.29,5.4,5.23,205027
2022-03-11,5.15,5.24,5.25,5.06,207810
2022-03-14,5.2,5.08,5.24,5.07,178252
2022-03-15,5.08,4.77,5.11,4.76,233768
2022-03-16,4.84,4.96,4.98,4.71,252667
2022-03-17,5.0,5.08,5.14,5.0,238856
2022-03-18,5.08,5.13,5.17,5.02,183576
2022-03-21,5.14,5.19,5.2,5.11,199323
2022-03-22,5.2,5.71,5.71,5.14,265645
2022-03-23,5.81,5.53,5.94,5.51,704886
2022-03-24,5.53,5.39,5.64,5.34,372805
2022-03-25,5.34,5.31,5.44,5.25,262767
2022-03-28,5.4,5.25,5.43,5.18,236896
2022-03-29,5.21,5.16,5.25,5.08,216586
2022-03-30,5.24,5.2,5.24,5.11,189954
2022-03-31,5.19,5.08,5.24,5.03,213392
2022-04-01,5.06,5.11,5.12,5.01,125016
2022-04-06,5.11,5.23,5.24,5.02,196646
2022-04-07,5.17,5.39,5.69,5.15,473384
2022-04-08,5.34,5.22,5.38,5.12,311094
2022-04-11,5.23,4.96,5.23,4.91,272395
2022-04-12,5.0,5.08,5.11,4.87,194770
2022-04-13,5.07,4.97,5.09,4.92,151486
2022-04-14,5.0,4.94,5.02,4.9,137368
2022-04-15,4.92,4.77,4.94,4.74,177807
2022-04-18,4.72,4.63,4.73,4.58,109794
2022-04-19,4.63,4.77,4.77,4.6,135137
2022-04-20,4.88,4.66,4.9,4.62,132450
2022-04-21,4.62,4.42,4.63,4.4,131683
2022-04-22,4.38,4.37,4.42,4.23,109534
2022-04-25,4.28,4.06,4.34,4.04,161569
2022-04-26,4.01,4.03,4.18,4.0,129674
2022-04-27,4.03,4.28,4.28,3.91,189120
2022-04-28,4.15,4.15,4.28,4.09,126841
2022-04-29,4.14,4.28,4.3,4.14,121682
2022-05-05,4.27,4.32,4.39,4.25,111311
2022-05-06,4.26,4.14,4.26,4.14,117035
2022-05-09,4.19,4.5,4.55,4.15,303945
2022-05-10,4.34,4.51,4.55,4.28,301558
2022-05-11,4.45,4.46,4.64,4.43,250070
2022-05-12,4.38,4.41,4.51,4.33,129349
2022-05-13,4.42,4.43,4.47,4.36,73624
2022-05-16,4.46,4.39,4.49,4.35,92695
2022-05-17,4.33,4.48,4.59,4.29,163807
2022-05-18,4.6,4.48,4.6,4.47,181350
2022-05-19,4.4,4.66,4.93,4.35,384776
2022-05-20,4.61,4.78,4.88,4.56,363505
2022-05-23,4.7,4.83,4.98,4.66,296476
2022-05-24,4.83,4.51,4.88,4.5,229015
2022-05-25,4.59,4.56,4.6,4.45,131683
2022-05-26,4.56,4.57,4.64,4.5,135528
2022-05-27,4.62,4.64,4.73,4.54,175155
2022-05-30,4.61,4.72,4.77,4.57,180423
2022-05-31,4.71,4.75,4.84,4.61,200326
2022-06-01,4.7,4.65,4.78,4.54,193764
2022-06-02,4.61,4.68,4.71,4.55,138232
2022-06-06,4.66,4.78,4.86,4.62,293172
2022-06-07,4.85,4.7,4.86,4.65,206001
2022-06-08,4.66,4.88,5.06,4.66,468092
2022-06-09,4.79,4.73,4.88,4.7,233245
2022-06-10,4.67,4.75,4.76,4.63,132501
2022-06-13,4.69,4.61,4.74,4.55,180903
2022-06-14,4.53,4.55,4.56,4.4,187691
2022-06-15,4.56,4.51,4.62,4.5,139754
2022-06-16,4.52,4.51,4.55,4.47,103528
2022-06-17,4.49,4.53,4.59,4.45,123537
2022-06-20,4.53,4.49,4.53,4.47,91783
2022-06-21,4.49,4.43,4.49,4.4,90141
2022-06-22,4.42,4.4,4.46,4.36,66626
2022-06-23,4.4,4.47,4.48,4.35,106759
2022-06-24,4.45,4.45,4.49,4.43,70689
2022-06-27,4.45,4.47,4.54,4.41,122771
2022-06-28,4.45,4.52,4.52,4.43,103572
2022-06-29,4.51,4.44,4.63,4.42,159718
2022-06-30,4.42,4.41,4.46,4.4,88749
2022-07-01,4.41,4.43,4.5,4.35,92145
2022-07-04,4.41,4.38,4.42,4.34,81004
2022-07-05,4.4,4.38,4.45,4.36,76237
2022-07-06,4.36,4.26,4.37,4.25,94229
2022-07-07,4.28,4.33,4.34,4.25,63338
2022-07-08,4.34,4.32,4.36,4.31,57494
2022-07-11,4.29,4.24,4.31,4.21,59410
2022-07-12,4.26,4.26,4.32,4.22,49662
2022-07-13,4.26,4.35,4.35,4.23,78232
2022-07-14,4.33,4.27,4.33,4.25,59184
2022-07-15,4.27,4.16,4.27,4.16,71862
2022-07-18,4.58,4.58,4.58,4.46,148693
2022-07-19,5.04,4.9,5.04,4.75,817280
2022-07-20,4.8,4.71,4.85,4.61,453272
2022-07-21,4.7,4.65,4.79,4.63,237566
2022-07-22,4.7,4.79,5.1,4.69,375852
2022-07-25,4.84,4.63,4.88,4.63,230107
2022-07-26,4.63,4.73,4.78,4.6,195152
2022-07-27,4.72,4.72,4.75,4.64,162133
2022-07-28,4.74,4.69,4.77,4.68,134703
2022-07-29,4.7,4.62,4.71,4.61,117786
2022-08-01,4.64,4.75,4.76,4.56,173067
2022-08-02,4.7,4.61,4.72,4.46,189706
2022-08-03,4.52,4.45,4.64,4.42,147251
2022-08-04,4.47,4.48,4.54,4.4,91933
2022-08-05,4.48,4.59,4.59,4.47,114138
2022-08-08,4.59,4.6,4.6,4.52,94063
2022-08-09,4.61,4.52,4.62,4.5,121382
2022-08-10,4.51,4.56,4.66,4.46,138225
2022-08-11,4.6,4.65,4.68,4.58,156683
2022-08-12,4.62,4.66,4.72,4.58,143357
2022-08-15,4.64,4.63,4.67,4.6,88765
2022-08-16,4.65,4.63,4.7,4.61,96500
2022-08-17,4.6,4.63,4.69,4.57,101451
2022-08-18,4.63,4.54,4.64,4.54,90273
2022-08-19,4.54,4.49,4.6,4.49,79574
2022-08-22,4.43,4.51,4.54,4.42,75188
2022-08-23,4.51,4.49,4.53,4.48,58186
2022-08-24,4.49,4.36,4.51,4.35,102062
2022-08-25,4.37,4.4,4.41,4.29,76121
2022-08-26,4.38,4.39,4.42,4.36,57465
2022-08-29,4.3,4.39,4.4,4.29,58569
2022-08-30,4.4,4.4,4.42,4.36,62045
2022-08-31,4.4,4.34,4.4,4.31,50052
2022-09-01,4.38,4.3,4.38,4.29,60744
2022-09-02,4.3,4.33,4.33,4.29,46237
2022-09-05,4.32,4.42,4.42,4.32,83552
2022-09-06,4.42,4.46,4.47,4.4,73315
2022-09-07,4.47,4.71,4.9,4.42,392447
2022-09-08,4.65,4.58,4.69,4.55,238743
2022-09-09,4.58,4.61,4.66,4.54,138072
2022-09-13,4.62,4.6,4.65,4.54,102382
2022-09-14,4.49,4.52,4.57,4.45,88369
2022-09-15,4.55,4.43,4.57,4.35,97101
2022-09-16,4.45,4.27,4.45,4.25,104539
2022-09-19,4.27,4.18,4.28,4.17,70177
2022-09-20,4.19,4.22,4.26,4.18,57099
2022-09-21,4.22,4.26,4.27,4.11,62414
2022-09-22,4.23,4.2,4.26,4.18,52566
2022-09-23,4.2,4.18,4.25,4.14,56803
2022-09-26,4.26,4.06,4.33,4.0,113540
2022-09-27,3.94,4.09,4.16,3.94,81643
2022-09-28,4.08,3.96,4.08,3.96,49346
2022-09-29,3.99,3.93,4.02,3.9,50759
2022-09-30,3.92,3.95,3.98,3.9,38591
2022-10-10,3.96,3.85,3.99,3.82,43364
2022-10-11,3.83,3.85,3.88,3.76,41750
2022-10-12,3.85,3.95,3.95,3.8,51622
2022-10-13,3.97,4.01,4.02,3.94,57004
2022-10-14,4.05,4.05,4.05,4.01,54196
2022-10-17,4.03,4.08,4.08,3.99,56077
2022-10-18,4.09,4.04,4.1,4.03,40747
2022-10-19,4.04,4.01,4.07,3.99,35650
2022-10-20,4.01,3.98,4.04,3.94,43349
2022-10-21,4.0,4.02,4.04,3.98,45822
2022-10-24,4.04,3.91,4.05,3.89,71707
2022-10-25,3.89,3.96,3.96,3.83,62098
2022-10-26,3.97,4.03,4.04,3.96,56394
2022-10-27,4.05,4.02,4.07,4.01,73837
2022-10-28,4.01,3.83,4.01,3.8,98221
2022-10-31,3.76,3.78,3.86,3.75,62295
2022-11-01,3.78,3.9,3.91,3.77,67153
2022-11-02,3.89,3.94,3.98,3.87,63870
2022-11-03,3.94,4.33,4.33,3.9,185721
2022-11-04,4.7,4.76,4.76,4.35,687003
2022-11-07,4.91,5.24,5.24,4.91,627064
2022-11-08,5.31,5.61,5.76,5.08,1380323
2022-11-09,5.46,5.45,5.74,5.2,1046609
2022-11-10,5.21,5.78,6.0,5.2,1353034
2022-11-11,6.29,5.63,6.36,5.57,1417422
2022-11-14,5.62,5.23,5.79,5.12,1157564
2022-11-15,5.14,5.25,5.28,5.04,751915
2022-11-16,5.16,5.03,5.19,5.01,612511
2022-11-17,5.05,5.1,5.15,4.75,531837
2022-11-18,5.1,4.93,5.15,4.9,459687
2022-11-21,4.87,4.96,5.04,4.86,273799
2022-11-22,4.97,5.39,5.46,4.86,1163549
2022-11-23,5.13,5.93,5.93,5.13,1457076
2022-11-24,5.93,5.48,5.93,5.42,1137652
2022-11-25,5.48,5.6,5.97,5.48,1016872
2022-11-28,5.6,5.52,5.74,5.41,748068
2022-11-29,5.43,5.48,5.53,5.34,672276
2022-11-30,5.48,5.32,5.48,5.27,539208
2022-12-01,5.31,5.27,5.35,5.24,396974
2022-12-02,5.23,5.27,5.32,5.2,288890
2022-12-05,5.32,5.63,5.67,5.25,863020
2022-12-06,5.51,5.34,5.52,5.27,552055
2022-12-07,5.36,5.23,5.36,5.18,336980
2022-12-08,5.25,5.28,5.29,5.15,288954
2022-12-09,5.27,5.22,5.36,5.15,283904
2022-12-12,5.16,5.04,5.18,5.01,295132
2022-12-13,5.07,5.07,5.11,5.03,146516
2022-12-14,5.06,4.99,5.08,4.97,174104
2022-12-15,4.99,5.12,5.14,4.93,261885
2022-12-16,5.07,5.08,5.15,5.04,174104
2022-12-19,5.08,4.92,5.15,4.9,199372
2022-12-20,4.89,4.93,4.98,4.89,114063
2022-12-21,4.96,4.85,4.99,4.81,140729
2022-12-22,4.88,4.74,4.91,4.74,133505
2022-12-23,4.72,4.8,4.82,4.71,104913
2022-12-26,4.8,4.82,4.83,4.72,92810
2022-12-27,4.83,4.84,4.9,4.8,145832
2022-12-28,4.8,4.74,4.83,4.74,117291
2022-12-29,4.74,4.68,4.78,4.66,101784
2022-12-30,4.69,4.71,4.76,4.69,77018
2023-01-03,4.71,4.89,4.9,4.67,166632
2023-01-04,4.86,4.83,4.9,4.79,138085
2023-01-05,4.83,4.87,4.89,4.8,116078
2023-01-06,4.85,4.87,5.03,4.83,201228
2023-01-09,4.85,4.94,4.99,4.85,176064
2023-01-10,4.96,4.85,5.0,4.83,129396
2023-01-11,4.87,4.8,4.9,4.79,106843
2023-01-12,4.78,4.79,4.85,4.75,120519
2023-01-13,4.81,4.76,4.81,4.72,113834
2023-01-16,4.77,4.89,4.93,4.77,191016
2023-01-17,4.9,4.84,4.92,4.8,118128
2023-01-18,4.87,4.89,4.92,4.82,114643
2023-01-19,4.87,4.92,4.94,4.86,95950
2023-01-20,4.96,5.11,5.14,4.94,273399
2023-01-30,5.18,5.06,5.21,5.03,256322
2023-01-31,5.03,5.07,5.09,5.02,118371
2023-02-01,5.11,5.43,5.57,5.08,624585
2023-02-02,5.4,5.27,5.4,5.22,365035
2023-02-03,5.23,5.19,5.25,5.11,227828
2023-02-06,5.17,5.2,5.28,5.12,166797
2023-02-07,5.19,5.21,5.22,5.16,164511
2023-02-08,5.18,5.1,5.22,5.1,168074
2023-02-09,5.08,5.16,5.16,5.05,134429
2023-02-10,5.16,5.14,5.19,5.12,95434
2023-02-13,5.14,5.24,5.26,5.13,218080
2023-02-14,5.26,5.22,5.27,5.16,133749
2023-02-15,5.21,5.16,5.22,5.14,114760
2023-02-16,5.15,5.04,5.21,5.0,171296
2023-02-17,5.01,5.02,5.12,5.0,104609
2023-02-20,5.03,5.24,5.3,5.03,321664
2023-02-21,5.24,5.25,5.27,5.16,220736
2023-02-22,5.24,5.3,5.51,5.18,300091
2023-02-23,5.35,5.22,5.35,5.19,198220
2023-02-24,5.23,5.16,5.23,5.12,113758
2023-02-27,5.16,5.1,5.18,5.08,115600
2023-02-28,5.12,5.15,5.15,5.07,89166
2023-03-01,5.22,5.2,5.22,5.11,125086
2023-03-02,5.19,5.3,5.36,5.18,304391
2023-03-03,5.27,5.43,5.48,5.25,401055
2023-03-06,5.47,5.38,5.5,5.35,293692
2023-03-07,5.37,5.34,5.53,5.31,348235
2023-03-08,5.34,5.3,5.36,5.22,204196
2023-03-09,5.28,5.2,5.3,5.17,184763
2023-03-10,5.17,5.03,5.18,5.02,197800
2023-03-13,5.09,5.11,5.17,5.02,187177
2023-03-14,5.07,4.95,5.11,4.94,199056
2023-03-15,4.96,5.45,5.45,4.95,545009
2023-03-16,5.46,5.49,5.61,5.35,729464
2023-03-17,5.42,5.63,5.69,5.4,769281
2023-03-20,5.61,5.76,6.19,5.51,958719
2023-03-21,5.67,5.58,5.73,5.48,631777
2023-03-22,5.55,5.44,5.55,5.41,357013
2023-03-23,5.43,5.49,5.54,5.36,402529
2023-03-24,5.46,5.32,5.46,5.3,324425
2023-03-27,5.36,5.23,5.36,5.16,270843
2023-03-28,5.25,5.21,5.32,5.18,189906
2023-03-29,5.22,5.11,5.22,5.1,190796
2023-03-30,5.12,5.14,5.2,5.1,175502
2023-03-31,5.11,5.11,5.16,5.1,145332
2023-04-03,5.12,5.17,5.17,5.06,173280
2023-04-04,5.19,5.3,5.39,5.13,380577
2023-04-06,5.3,5.41,5.41,5.18,394502
2023-04-07,5.38,5.26,5.39,5.22,270307
2023-04-10,5.21,5.15,5.31,5.1,189700
2023-04-11,5.19,5.18,5.19,5.11,138559
2023-04-12,5.16,5.2,5.26,5.13,157052
2023-04-13,5.18,5.17,5.28,5.16,188655
2023-04-14,5.17,5.37,5.38,5.15,439690
2023-04-17,5.35,5.91,5.91,5.33,666453
2023-04-18,6.17,6.29,6.5,5.98,1502063
2023-04-19,6.08,6.43,6.85,6.02,1191691
2023-04-20,6.25,6.3,6.41,6.11,769908
2023-04-21,6.3,6.21,6.56,6.15,778913
2023-04-24,6.16,6.12,6.27,6.0,578273
2023-04-25,6.09,6.38,6.49,6.09,799795
2023-04-26,6.26,6.21,6.33,6.06,495221
2023-04-27,6.28,6.83,6.83,6.17,928151
2023-04-28,6.73,7.1,7.43,6.35,1161499
2023-05-04,6.85,7.3,7.49,6.8,962440
2023-05-05,7.12,7.12,7.44,6.89,842902
2023-05-08,7.03,7.01,7.34,6.92,771703
2023-05-09,7.01,6.31,7.09,6.31,944592
2023-05-10,6.28,6.17,6.3,6.09,517674
2023-05-11,6.17,6.03,6.2,5.95,334455
2023-05-12,6.04,5.82,6.04,5.81,344891
2023-05-15,5.82,5.91,5.93,5.73,279933
2023-05-16,5.92,5.71,5.92,5.65,298402
2023-05-17,5.7,5.73,5.74,5.57,192267
2023-05-18,5.72,5.71,5.78,5.67,204097
2023-05-19,5.65,5.6,5.67,5.53,205862
2023-05-22,5.6,5.54,5.63,5.46,153753
2023-05-23,5.54,5.41,5.57,5.41,149852
2023-05-24,5.39,5.4,5.45,5.34,127819
2023-05-25,5.4,5.35,5.42,5.26,157356
2023-05-26,5.37,5.36,5.39,5.25,111092
2023-05-29,5.37,5.36,5.46,5.34,204190
2023-05-30,5.33,5.48,5.53,5.27,278713
2023-05-31,5.41,5.68,5.75,5.41,420257
2023-06-01,5.63,5.64,5.75,5.54,259259
2023-06-02,5.63,5.7,5.72,5.55,181496
2023-06-05,5.74,5.55,5.78,5.55,182362
2023-06-06,5.55,5.5,5.68,5.47,189057
2023-06-07,5.5,5.47,5.54,5.43,119341
2023-06-08,5.48,5.79,5.81,5.44,386204
2023-06-09,5.8,5.71,5.82,5.66,239930
2023-06-12,5.66,5.68,5.69,5.59,145048
2023-06-13,5.67,5.62,5.67,5.56,132433
2023-06-14,5.63,5.61,5.69,5.6,117846
2023-06-15,5.6,5.62,5.62,5.53,106662
2023-06-16,5.65,5.77,5.85,5.63,307811
2023-06-19,5.71,5.76,5.82,5.66,179555
2023-06-20,5.75,5.58,5.76,5.57,173316
2023-06-21,5.55,5.41,5.55,5.41,145618
2023-06-26,5.35,5.23,5.39,5.22,144008
2023-06-27,5.2,5.48,5.51,5.19,193672
2023-06-28,5.47,5.37,5.48,5.31,117752
2023-06-29,5.27,5.33,5.4,5.25,94579
2023-06-30,5.3,5.36,5.42,5.3,83425
2023-07-03,5.37,5.56,5.6,5.36,210025
2023-07-04,5.55,5.48,5.6,5.45,130699
2023-07-05,5.45,5.66,5.79,5.45,302015
2023-07-06,5.6,5.54,5.64,5.5,175769
2023-07-07,5.54,5.67,5.85,5.41,361641
2023-07-10,5.74,5.67,5.84,5.65,235990
2023-07-11,5.67,5.58,5.67,5.52,161456
2023-07-12,5.58,5.49,5.59,5.46,131516
2023-07-13,5.46,5.54,5.58,5.46,92333
2023-07-14,5.57,5.5,5.58,5.5,82148
2023-07-17,5.38,5.33,5.38,5.2,134010
2023-07-18,5.35,5.35,5.38,5.26,81477
2023-07-19,5.36,5.39,5.42,5.3,74054
2023-07-20,5.39,5.34,5.46,5.33,67021
2023-07-21,5.31,5.34,5.37,5.3,54134
2023-07-24,5.34,5.34,5.37,5.29,43955
2023-07-25,5.39,5.54,5.55,5.38,181678
2023-07-26,5.53,5.51,5.58,5.47,93762
2023-07-27,5.5,5.45,5.56,5.44,74223
2023-07-28,5.5,5.51,5.54,5.37,112186
2023-07-31,5.52,5.64,5.68,5.51,243245
2023-08-01,5.64,5.62,5.68,5.57,132999
2023-08-02,5.63,5.58,5.64,5.55,90095
2023-08-03,5.56,5.56,5.58,5.49,94005
2023-08-04,5.57,5.61,5.64,5.56,119195
2023-08-07,5.6,5.48,5.6,5.46,108371
2023-08-08,5.47,5.45,5.49,5.42,58705
2023-08-09,5.42,5.44,5.5,5.41,62237
2023-08-10,5.43,5.4,5.45,5.39,65901
2023-08-11,5.38,5.28,5.42,5.28,89098
2023-08-14,5.28,5.35,5.38,5.22,91478
2023-08-15,5.32,5.3,5.36,5.24,57197
2023-08-16,5.25,5.25,5.34,5.25,45207
2023-08-17,5.22,5.31,5.32,5.17,54063
2023-08-18,5.31,5.23,5.4,5.22,76618
2023-08-21,5.27,5.18,5.29,5.18,58847
2023-08-22,5.17,5.21,5.26,5.12,82805
2023-08-23,5.2,5.06,5.2,5.0,87866
2023-08-24,5.07,4.73,5.1,4.72,234813
2023-08-25,4.7,4.71,4.8,4.65,92605
2023-08-28,5.0,4.82,5.01,4.81,119824
2023-08-29,4.81,4.98,5.0,4.79,112731
2023-08-30,4.98,4.93,5.02,4.91,80197
2023-08-31,4.95,4.92,5.0,4.9,63634
2023-09-01,4.92,4.99,5.0,4.92,66169
2023-09-04,4.97,5.19,5.23,4.97,140280
2023-09-05,5.16,5.1,5.19,5.08,78481
2023-09-06,5.05,5.11,5.12,5.05,51445
2023-09-07,5.08,5.04,5.13,5.03,44501
2023-09-08,5.02,5.06,5.09,4.96,56551
2023-09-11,5.06,5.1,5.1,5.0,51397
2023-09-12,5.09,5.07,5.12,5.05,35103
2023-09-13,5.03,5.04,5.08,5.01,37029
2023-09-14,5.02,5.04,5.08,5.01,32908
2023-09-15,5.06,5.08,5.12,5.03,50767
2023-09-18,5.03,5.06,5.08,4.98,46490
2023-09-19,5.04,5.08,5.08,5.03,36988
2023-09-20,5.08,5.01,5.08,4.98,48286
2023-09-21,5.07,4.95,5.07,4.93,51457
2023-09-22,4.94,5.03,5.03,4.87,55187
2023-09-25,5.03,4.93,5.03,4.92,54869
2023-09-26,4.91,4.92,4.96,4.91,36770
2023-09-27,4.91,4.96,5.03,4.88,61728
2023-09-28,4.95,5.05,5.07,4.94,59461
2023-10-09,5.03,5.01,5.04,4.96,42744
2023-10-10,4.99,4.73,5.05,4.71,209532
2023-10-11,4.77,4.66,4.78,4.62,154036
2023-10-12,4.66,4.72,4.78,4.64,120426
2023-10-13,4.69,4.65,4.7,4.64,71706
2023-10-16,4.65,4.61,4.65,4.57,67675
2023-10-17,4.65,4.62,4.65,4.57,47853
2023-10-18,4.6,4.54,4.61,4.53,49271
2023-10-19,4.54,4.49,4.59,4.47,62608
2023-10-20,4.5,4.45,4.55,4.42,55146
2023-10-23,4.41,4.34,4.46,4.3,68675
2023-10-24,4.34,4.45,4.46,4.33,55737
2023-10-25,4.49,4.62,4.69,4.49,100859
2023-10-26,4.59,4.64,4.65,4.54,64169
2023-10-27,4.62,4.67,4.69,4.6,63065
2023-10-30,4.72,4.75,4.76,4.66,77073
2023-10-31,4.75,4.76,4.82,4.74,61114
2023-11-01,4.75,4.79,4.8,4.73,66923
2023-11-02,4.79,4.76,4.82,4.75,60959
2023-11-03,4.76,4.78,4.8,4.74,58933
2023-11-06,4.81,4.78,4.83,4.75,81549
2023-11-07,4.78,4.79,4.81,4.7,72560
2023-11-08,4.8,4.74,4.8,4.71,49547
2023-11-09,4.74,4.71,4.78,4.7,48804
2023-11-10,4.73,4.7,4.73,4.66,45384
2023-11-13,4.7,4.76,4.77,4.68,73635
2023-11-14,4.77,4.79,4.8,4.73,71206
2023-11-15,4.81,4.8,4.87,4.79,69265
2023-11-16,4.81,4.76,4.81,4.74,61214
2023-11-17,4.76,4.77,4.78,4.7,51255
2023-11-20,4.77,4.78,4.8,4.72,70506
2023-11-21,4.8,4.78,4.82,4.76,58237
2023-11-22,4.77,4.72,4.81,4.71,42363
2023-11-23,4.76,4.74,4.77,4.66,57131
2023-11-24,4.75,4.69,4.76,4.67,51188
2023-11-27,4.69,4.69,4.71,4.64,59912
2023-11-28,4.69,4.74,4.74,4.65,52296
2023-11-29,4.74,4.67,4.74,4.66,41847
2023-11-30,4.68,4.65,4.72,4.63,58875
2023-12-01,4.68,4.73,4.74,4.63,48219
2023-12-04,4.7,4.75,4.77,4.7,65137
2023-12-05,4.74,4.68,4.79,4.68,52149
2023-12-06,4.66,4.73,4.78,4.64,94169
2023-12-07,4.81,4.65,4.86,4.6,133568
2023-12-08,4.65,4.58,4.72,4.58,104322
2023-12-11,4.57,4.7,4.72,4.53,104280
2023-12-12,4.68,4.76,4.76,4.67,58601
2023-12-13,4.75,4.71,4.79,4.71,51937
2023-12-14,4.73,4.75,4.78,4.72,52626
2023-12-15,4.78,4.74,4.79,4.72,50528
2023-12-18,4.76,4.64,4.76,4.62,84402
2023-12-19,4.66,4.61,4.67,4.57,51604
2023-12-20,4.65,4.56,4.66,4.54,46228
2023-12-21,4.51,4.58,4.6,4.51,54922
2023-12-22,4.57,4.52,4.62,4.51,75032
2023-12-25,4.51,4.52,4.56,4.5,55834
2023-12-26,4.52,4.46,4.56,4.45,53460
2023-12-27,4.46,4.44,4.48,4.39,55852
2023-12-28,4.43,4.57,4.59,4.41,62852
2023-12-29,4.55,4.62,4.63,4.55,50925
2024-01-02,4.63,4.67,4.69,4.6,78871
2024-01-03,4.67,4.67,4.69,4.64,56124
2024-01-04,4.66,4.65,4.69,4.6,67511
2024-01-05,4.66,4.61,4.69,4.58,57612
2024-01-08,4.63,4.49,4.63,4.47,63329
2024-01-09,4.49,4.43,4.53,4.39,70899
2024-01-10,4.44,4.4,4.47,4.36,48223
2024-01-11,4.4,4.43,4.46,4.36,49120
2024-01-12,4.43,4.45,4.53,4.41,50979
2024-01-15,4.47,4.47,4.53,4.4,60861
2024-01-16,4.49,4.45,4.53,4.4,65904
2024-01-17,4.43,4.33,4.47,4.33,60170
2024-01-18,4.32,4.24,4.33,4.1,82748
2024-01-19,4.24,4.2,4.27,4.2,68595
2024-01-22,4.2,4.02,4.23,3.98,85695
2024-01-23,4.02,4.07,4.09,3.92,79460
2024-01-24,4.08,4.25,4.27,4.05,116777
2024-01-25,4.22,4.68,4.68,4.22,107886
2024-01-26,5.15,5.15,5.15,5.15,88357
2024-01-29,5.35,5.34,5.67,5.02,1125480
2024-01-30,4.81,4.81,4.9,4.81,186241
2024-01-31,4.47,4.65,4.93,4.47,678085
2024-02-01,4.72,4.45,4.98,4.42,548131
2024-02-02,4.44,4.37,4.64,4.23,498509
2024-02-05,4.35,3.93,4.35,3.93,432691
2024-02-06,3.75,3.93,4.04,3.57,379327
2024-02-07,3.88,3.87,4.03,3.82,401602
2024-02-08,3.93,4.01,4.02,3.84,330500
2024-02-19,4.0,4.26,4.27,3.98,335153
2024-02-20,4.21,4.22,4.24,4.1,221986
2024-02-21,4.19,4.64,4.64,4.14,178835
2024-02-22,4.88,4.72,4.88,4.55,550957
2024-02-23,4.64,4.69,4.76,4.58,363116
2024-02-26,4.71,4.62,4.73,4.54,283372
2024-02-27,4.61,4.67,4.7,4.57,270525
2024-02-28,4.65,4.8,5.12,4.63,707806
2024-02-29,4.7,4.88,4.91,4.63,479942
2024-03-01,4.86,4.81,4.92,4.74,287303
2024-03-04,4.81,4.77,4.81,4.7,211716
2024-03-05,4.74,4.71,4.88,4.68,219928
2024-03-06,4.63,4.7,4.76,4.63,144511
2024-03-07,4.7,4.75,4.88,4.7,201112
2024-03-08,4.75,4.7,4.76,4.66,127365
2024-03-11,4.7,4.81,4.88,4.7,175186
2024-03-12,4.81,4.76,4.82,4.74,125751
2024-03-13,4.74,4.7,4.76,4.67,111558
2024-03-14,4.68,4.77,4.82,4.68,182869
2024-03-15,4.75,4.8,4.8,4.69,145392
2024-03-18,4.82,4.86,4.89,4.78,165430
2024-03-19,4.9,4.78,4.92,4.78,122513
2024-03-20,4.77,4.8,4.81,4.76,104639
2024-03-21,4.78,4.76,4.82,4.72,118168
2024-03-22,4.74,4.69,4.76,4.62,113905
2024-03-25,4.66,4.68,4.8,4.63,119277
2024-03-26,4.7,4.66,4.71,4.58,98697
2024-03-27,4.66,4.5,4.69,4.5,92037
2024-03-28,4.51,4.62,4.68,4.46,101992
2024-03-29,4.62,4.68,4.73,4.6,86110
2024-04-01,4.68,4.68,4.75,4.63,127577
2024-04-02,4.68,4.89,5.15,4.65,572616
2024-04-03,4.91,4.86,4.94,4.74,449866
2024-04-08,4.8,4.68,4.82,4.67,261161
2024-04-09,4.66,4.56,4.76,4.53,268509
2024-04-10,4.63,4.43,4.63,4.38,226564
2024-04-11,4.33,4.53,4.61,4.33,213979
2024-04-12,4.52,4.4,4.53,4.37,129300
2024-04-15,4.4,4.52,4.7,4.2,292995
2024-04-16,4.47,4.23,4.49,4.21,253761
2024-04-17,4.24,4.5,4.5,4.24,205216
2024-04-18,4.47,4.48,4.53,4.4,149445
2024-04-19,4.93,4.93,4.93,4.93,175232
2024-04-22,4.99,5.02,5.42,4.92,989243
2024-04-23,4.75,4.65,4.9,4.54,654669
2024-04-24,4.55,4.57,4.63,4.5,355429
2024-04-25,4.51,4.53,4.59,4.42,296532
2024-04-26,4.52,4.67,4.72,4.5,365337
2024-04-29,4.62,4.76,4.8,4.57,323036
2024-04-30,4.75,4.71,4.8,4.68,221165
2024-05-06,4.81,4.78,4.83,4.74,232596
2024-05-07,4.74,4.79,4.88,4.73,199871
2024-05-08,4.75,4.66,4.79,4.64,191056
2024-05-09,4.65,4.75,4.76,4.64,151882
2024-05-10,4.77,4.79,4.84,4.71,172736
2024-05-13,4.75,4.79,4.82,4.65,188058
2024-05-14,4.78,4.8,4.85,4.78,160616
2024-05-15,4.8,4.72,4.82,4.71,126999
2024-05-16,4.72,4.79,4.85,4.72,195717
2024-05-17,4.8,4.83,4.85,4.75,143354
2024-05-20,4.82,4.91,4.92,4.81,218807
2024-05-21,5.0,4.81,5.12,4.78,367974
2024-05-22,4.85,4.73,4.86,4.7,209921
2024-05-23,4.68,4.59,4.69,4.57,211429
2024-05-24,4.57,4.56,4.62,4.53,105723
2024-05-27,4.55,4.62,4.63,4.51,111371
2024-05-28,4.62,4.56,4.67,4.56,103174
2024-05-29,4.56,4.58,4.62,4.51,85819
2024-05-30,4.59,4.51,4.59,4.48,103165
2024-05-31,4.48,4.48,4.53,4.47,69607
2024-06-03,4.45,4.4,4.48,4.35,124587
2024-06-04,4.31,4.44,4.44,4.3,99097
2024-06-05,4.41,4.34,4.44,4.32,76803
2024-06-06,4.34,4.24,4.38,4.22,130820
2024-06-07,4.28,4.35,4.35,4.26,102902
2024-06-11,4.31,4.39,4.39,4.29,92973
2024-06-12,4.37,4.39,4.41,4.36,58986
2024-06-13,4.4,4.3,4.41,4.29,80089
2024-06-14,4.32,4.31,4.33,4.25,50393
2024-06-17,4.31,4.32,4.35,4.29,54022
2024-06-18,4.32,4.37,4.37,4.28,68403
2024-06-19,4.37,4.37,4.41,4.34,64514
2024-06-20,4.35,4.25,4.37,4.24,72838
2024-06-21,4.25,4.29,4.32,4.23,53854
2024-06-24,4.25,4.11,4.28,4.1,90594
2024-06-25,4.11,4.12,4.2,4.09,80491
2024-06-26,4.1,4.24,4.24,4.07,65209
2024-06-27,4.22,4.16,4.25,4.15,62164
2024-06-28,4.12,4.21,4.27,4.12,75565
2024-07-01,4.22,4.34,4.35,4.2,98018
2024-07-02,4.34,4.37,4.38,4.29,92651
2024-07-03,4.37,4.33,4.38,4.31,56445
2024-07-04,4.35,4.26,4.38,4.25,76676
2024-07-05,4.28,4.25,4.29,4.22,50262
2024-07-08,4.22,4.13,4.26,4.1,68318
2024-07-09,4.09,4.17,4.18,4.02,71353
2024-07-10,4.18,4.17,4.34,4.17,127481
2024-07-11,4.2,4.27,4.28,4.2,106428
2024-07-12,4.26,4.29,4.35,4.25,100711
2024-07-15,4.28,4.25,4.3,4.23,56055
2024-07-16,4.22,4.22,4.25,4.19,46407
2024-07-17,4.21,4.21,4.24,4.19,53848
2024-07-18,4.2,4.2,4.21,4.12,72932
2024-07-19,4.17,4.21,4.23,4.13,55291
2024-07-22,4.18,4.16,4.2,4.12,64178
2024-07-23,4.16,4.09,4.18,4.08,57017
2024-07-24,4.08,4.04,4.09,4.0,70357
2024-07-25,3.98,3.97,4.05,3.96,79711
2024-07-26,3.95,4.07,4.07,3.95,72232
2024-07-29,4.07,4.08,4.1,4.04,58702
2024-07-30,4.07,4.13,4.15,4.06,54299
2024-07-31,4.13,4.26,4.27,4.11,95313
2024-08-01,4.28,4.3,4.33,4.27,87585
2024-08-02,4.31,4.26,4.33,4.24,68452
2024-08-05,4.24,4.18,4.31,4.18,83592
2024-08-06,4.18,4.22,4.24,4.17,56231
2024-08-07,4.2,4.22,4.24,4.19,52626
2024-08-08,4.21,4.2,4.22,4.13,41941
2024-08-09,4.23,4.19,4.27,4.19,44639
2024-08-12,4.19,4.12,4.21,4.12,52425
2024-08-13,4.13,4.18,4.18,4.1,41886
2024-08-14,4.18,4.17,4.25,4.16,47230
2024-08-15,4.16,4.21,4.23,4.12,62216
2024-08-16,4.22,4.13,4.26,4.12,75745
2024-08-19,4.15,4.14,4.2,4.12,60234
2024-08-20,4.16,4.08,4.16,4.06,60518
2024-08-21,4.08,4.06,4.1,4.02,42774
2024-08-22,4.03,4.01,4.08,4.0,54845
2024-08-23,4.01,4.0,4.03,3.96,63718
2024-08-26,4.02,4.14,4.14,4.01,94425
2024-08-27,4.11,3.96,4.13,3.92,172510
2024-08-28,3.93,3.93,3.98,3.91,76162
2024-08-29,3.92,3.92,3.94,3.87,77479
2024-08-30,3.9,3.95,4.0,3.87,92107
2024-09-02,3.94,3.79,3.95,3.78,163859
2024-09-03,3.78,3.81,3.83,3.76,67493
2024-09-04,3.77,3.75,3.8,3.75,58491
2024-09-05,3.77,3.77,3.82,3.75,64567
2024-09-06,3.77,3.75,3.8,3.72,70248
2024-09-09,3.74,3.75,3.79,3.69,64971
2024-09-10,3.75,3.77,3.9,3.69,167432
2024-09-11,3.73,3.77,3.81,3.7,122301
2024-09-12,3.76,3.79,3.82,3.75,95760
2024-09-13,3.82,3.83,3.85,3.8,87824
2024-09-18,3.81,3.8,3.84,3.75,59465
2024-09-19,3.82,3.92,3.93,3.8,132958
2024-09-20,3.92,3.87,3.95,3.8,121063
2024-09-23,3.86,3.85,3.89,3.83,61833
2024-09-24,3.89,4.01,4.01,3.88,146597
2024-09-25,4.05,4.09,4.2,4.05,137415
2024-09-26,4.1,4.23,4.23,4.07,135210
2024-09-27,4.3,4.32,4.34,4.24,112147
2024-09-30,4.53,4.7,4.73,4.4,315550
2024-10-08,5.16,4.89,5.17,4.62,365765
2024-10-09,4.8,4.4,4.8,4.4,230608
2024-10-10,4.4,4.84,4.84,4.35,244583
2024-10-11,4.99,4.68,5.1,4.6,655597
2024-10-14,4.66,4.73,4.9,4.58,467873
2024-10-15,4.69,4.65,4.83,4.56,343237
2024-10-16,4.57,4.7,4.78,4.56,246620
2024-10-17,4.7,4.56,4.73,4.54,234474
2024-10-18,4.51,4.6,4.68,4.45,229197
2024-10-21,4.6,4.69,4.7,4.59,192273
2024-10-22,4.65,4.72,4.72,4.63,153476
2024-10-23,4.72,4.8,4.98,4.7,281430
2024-10-24,4.7,4.74,4.77,4.67,158634
2024-10-25,4.74,4.84,4.88,4.72,148803
2024-10-28,4.82,4.98,4.99,4.81,208194
2024-10-29,5.0,4.86,5.01,4.84,180006
2024-10-30,4.91,4.89,4.96,4.84,149095
2024-10-31,4.84,4.91,4.93,4.84,184918
2024-11-01,4.95,5.02,5.22,4.83,542099
2024-11-04,5.03,4.98,5.05,4.83,335298
2024-11-05,4.98,5.13,5.13,4.98,256722
2024-11-06,5.17,5.15,5.23,5.06,303701
2024-11-07,5.13,5.3,5.37,5.1,303394
2024-11-08,5.3,5.15,5.38,5.12,269644
2024-11-11,5.19,5.14,5.23,5.05,197489
2024-11-12,5.2,5.05,5.24,5.0,187358
2024-11-13,5.05,5.08,5.15,5.0,168921
2024-11-14,5.12,4.98,5.14,4.96,135315
2024-11-15,4.96,4.9,5.07,4.9,137662
2024-11-18,4.93,4.9,5.1,4.87,235849
2024-11-19,4.88,4.88,4.91,4.76,180578
2024-11-20,4.87,4.88,4.9,4.81,115747
2024-11-21,4.88,4.85,4.94,4.8,106675
2024-11-22,4.86,4.7,4.94,4.7,159163
2024-11-25,4.72,4.77,4.87,4.6,185709
2024-11-26,4.74,4.73,4.8,4.7,122169
2024-11-27,4.69,4.75,4.76,4.58,112094
2024-11-28,4.73,4.73,4.79,4.73,89373
2024-11-29,4.74,4.74,4.79,4.67,108395
2024-12-02,4.76,4.89,4.97,4.75,154330
2024-12-03,5.0,4.9,5.05,4.79,196322
2024-12-04,4.87,4.79,4.9,4.77,118249
2024-12-05,4.76,4.84,4.84,4.75,87378
2024-12-06,4.83,4.94,4.96,4.83,136114
2024-12-09,4.93,4.88,4.98,4.83,109227
2024-12-10,4.98,4.84,5.01,4.83,145398
2024-12-11,4.84,4.93,4.93,4.84,107693
2024-12-12,4.92,4.95,4.96,4.88,102263
2024-12-13,4.92,4.79,4.93,4.78,125590
2024-12-16,4.81,4.85,4.87,4.79,117813
2024-12-17,4.84,4.71,4.85,4.69,108421
2024-12-18,4.75,4.75,4.85,4.72,93517
2024-12-19,4.66,4.77,4.77,4.62,93759
2024-12-20,4.75,4.59,4.77,4.59,141663
2024-12-23,4.59,4.52,4.63,4.51,100471
2024-12-24,4.52,4.53,4.58,4.5,68186
2024-12-25,4.54,4.49,4.55,4.43,71419
2024-12-26,4.49,4.46,4.5,4.45,64531
2024-12-27,4.46,4.57,4.63,4.43,118385
2024-12-30,4.59,4.48,4.62,4.45,94902
2024-12-31,4.48,4.41,4.52,4.4,79799
2025-01-02,4.4,4.27,4.43,4.25,104980
2025-01-03,4.3,4.17,4.33,4.15,91929
2025-01-06,4.18,4.19,4.21,4.06,83412
2025-01-07,4.2,4.23,4.24,4.16,64883
2025-01-08,4.23,4.23,4.24,4.12,91702
2025-01-09,4.22,4.15,4.22,4.14,79303
2025-01-10,4.15,4.08,4.19,4.07,73045
2025-01-13,4.07,4.12,4.13,4.02,71733
2025-01-14,4.13,4.24,4.24,4.12,81369
2025-01-15,4.23,4.2,4.24,4.15,80951
2025-01-16,4.21,4.26,4.3,4.2,75554
2025-01-17,4.25,4.3,4.31,4.2,85765
2025-01-20,4.32,4.29,4.33,4.25,80406
2025-01-21,4.29,4.19,4.31,4.17,69073
2025-01-22,4.19,4.16,4.19,4.12,67905
2025-01-23,4.18,4.17,4.27,4.17,78345
2025-01-24,4.17,4.2,4.22,4.13,75809
2025-01-27,4.22,4.18,4.3,4.18,99381
2025-02-05,4.21,4.21,4.25,4.16,82745
2025-02-06,4.2,4.24,4.25,4.14,83348
2025-02-07,4.26,4.28,4.31,4.23,99688
2025-02-10,4.3,4.36,4.37,4.29,98540
2025-02-11,4.39,4.31,4.4,4.24,111779
2025-02-12,4.29,4.32,4.35,4.26,83860
2025-02-13,4.32,4.35,4.4,4.31,103872
2025-02-14,4.39,4.31,4.4,4.27,108737
2025-02-17,4.33,4.36,4.38,4.3,113214
2025-02-18,4.36,4.29,4.4,4.28,94802
2025-02-19,4.31,4.4,4.4,4.3,133774
2025-02-20,4.4,4.3,4.4,4.27,160217
2025-02-21,4.3,4.26,4.32,4.25,98945
2025-02-24,4.26,4.42,4.42,4.26,232905
2025-02-25,4.48,4.37,4.57,4.35,218886
2025-02-26,4.36,4.39,4.44,4.36,118943
2025-02-27,4.43,4.38,4.48,4.33,120284
2025-02-28,4.38,4.34,4.41,4.31,102821
2025-03-03,4.41,4.35,4.45,4.34,128651
2025-03-04,4.37,4.34,4.37,4.31,82473
2025-03-05,4.36,4.34,4.37,4.28,83328
2025-03-06,4.39,4.38,4.41,4.31,102810
2025-03-07,4.37,4.41,4.48,4.36,164225
2025-03-10,4.4,4.37,4.44,4.35,103625
2025-03-11,4.31,4.39,4.4,4.31,86502
2025-03-12,4.38,4.4,4.42,4.37,79497
2025-03-13,4.4,4.33,4.41,4.3,99039
2025-03-14,4.34,4.4,4.4,4.28,97795
2025-03-17,4.4,4.43,4.47,4.39,96691
2025-03-18,4.44,4.41,4.46,4.39,62678
2025-03-19,4.4,4.38,4.42,4.35,73007
2025-03-20,4.37,4.41,4.44,4.36,96794
2025-03-21,4.39,4.48,4.49,4.39,182617
2025-03-24,4.48,4.44,4.51,4.36,192802
2025-03-25,4.43,4.55,4.55,4.38,187178
2025-03-26,4.57,4.57,4.6,4.51,149050
2025-03-27,4.57,4.56,4.6,4.47,113412
2025-03-28,4.55,4.56,4.62,4.5,158976
2025-03-31,4.55,4.56,4.6,4.37,236386
2025-04-01,4.57,4.64,4.7,4.54,224706
2025-04-02,4.64,4.68,4.72,4.59,152165
2025-04-03,4.65,4.65,4.7,4.62,155306
2025-04-07,4.47,4.19,4.52,4.19,261699
2025-04-08,4.2,4.18,4.3,4.11,211315
2025-04-09,4.13,4.41,4.42,3.95,240210
2025-04-10,4.42,4.7,4.73,4.33,304365
2025-04-11,4.72,4.72,4.79,4.63,175812
2025-04-14,4.72,4.88,4.95,4.7,227175
2025-04-15,4.87,4.88,4.96,4.82,149379
2025-04-16,4.88,4.76,4.88,4.74,120583
2025-04-17,4.75,5.24,5.24,4.71,383012
2025-04-18,5.38,5.76,5.76,5.3,652993
2025-04-21,5.82,5.47,5.93,5.18,1369767
2025-04-22,5.2,4.95,5.2,4.95,897355
2025-04-23,4.87,4.73,4.9,4.71,655498
2025-04-24,4.73,4.6,4.73,4.59,417032
2025-04-25,4.6,4.58,4.64,4.57,279065
2025-04-28,4.56,4.47,4.57,4.45,282273
2025-04-29,4.44,4.44,4.48,4.42,163224
2025-04-30,4.44,4.36,4.47,4.36,229387
2025-05-06,4.37,4.48,4.48,4.37,250435
2025-05-07,4.5,4.48,4.52,4.44,209181
2025-05-08,4.46,4.52,4.58,4.44,266252
2025-05-09,4.52,4.44,4.53,4.44,176530
2025-05-12,4.47,4.47,4.48,4.43,130088
2025-05-13,4.49,4.47,4.5,4.45,138029
2025-05-14,4.47,4.49,4.49,4.44,152848
2025-05-15,4.49,4.48,4.53,4.45,183743
2025-05-16,4.46,4.45,4.48,4.44,108481
2025-05-19,4.48,4.56,4.59,4.46,300367
2025-05-20,4.56,4.52,4.56,4.5,192115
2025-05-21,4.53,4.52,4.54,4.5,120435
2025-05-22,4.5,4.44,4.51,4.43,168049
2025-05-23,4.44,4.36,4.45,4.36,135507
2025-05-26,4.35,4.4,4.41,4.35,85674
2025-05-27,4.39,4.39,4.4,4.35,80576
2025-05-28,4.38,4.36,4.41,4.35,82117
2025-05-29,4.36,4.42,4.42,4.35,108551
2025-05-30,4.4,4.41,4.42,4.37,81086
2025-06-03,4.4,4.45,4.58,4.38,218605
2025-06-04,4.45,4.46,4.48,4.4,162516
2025-06-05,4.46,4.47,4.51,4.44,124422
2025-06-06,4.48,4.5,4.54,4.46,154768
2025-06-09,4.53,4.5,4.54,4.46,123638
2025-06-10,4.5,4.45,4.5,4.43,162289
2025-06-11,4.45,4.53,4.56,4.45,198471
2025-06-12,4.51,4.49,4.52,4.47,110417
2025-06-13,4.47,4.43,4.49,4.41,126123
2025-06-16,4.41,4.45,4.5,4.4,79128
2025-06-17,4.44,4.47,4.47,4.41,82211
2025-06-18,4.47,4.43,4.51,4.42,102374
2025-06-19,4.43,4.34,4.44,4.32,130836
2025-06-20,4.33,4.37,4.39,4.33,89694
2025-06-23,4.35,4.41,4.42,4.33,73241
2025-06-24,4.42,4.52,4.57,4.41,252493
2025-06-25,4.95,4.62,4.96,4.58,485452
2025-06-26,4.55,4.55,4.59,4.5,270706
2025-06-27,4.53,4.59,4.66,4.53,225755
2025-06-30,4.59,4.57,4.6,4.56,138458
2025-07-01,4.58,4.56,4.59,4.52,128382
2025-07-02,4.55,4.67,4.8,4.51,377743
2025-07-03,4.63,4.62,4.66,4.6,201196
2025-07-04,4.61,4.57,4.63,4.56,128041
2025-07-07,4.56,4.57,4.59,4.54,91301
2025-07-08,4.57,4.59,4.59,4.54,97660
2025-07-09,4.59,4.63,4.68,4.58,202224
2025-07-10,4.6,4.74,4.76,4.6,316394
2025-07-11,4.73,5.21,5.21,4.67,802156
2025-07-14,5.1,5.0,5.18,4.98,900772
2025-07-15,5.08,4.89,5.08,4.85,407457
2025-07-16,4.86,4.87,4.92,4.82,246768
2025-07-17,4.87,4.81,4.88,4.8,213515
2025-07-18,4.84,4.88,4.97,4.82,474204
2025-07-21,4.91,5.01,5.03,4.91,462575
2025-07-22,5.03,4.98,5.08,4.97,116747
